{
    "tint": false,
    "ambientocclusion": false,
    "textures": {
		"particle": "block/sugar_cane",
        "reed": "block/sugar_cane",
        "reed_extra": "block/sugar_cane_extra"
    },
    "elements": [
        {
            "from": [7,0,7],
            "to": [10,16,10],
			"shade": true,
            "faces": {
                "up": {
                    "uv": [9,0,12,3],
                    "texture": "#reed_extra"
                },
                "west": {
                    "uv": [6,0,9,16],
                    "texture": "#reed_extra"
                },
                "east": {
                    "uv": [6,0,9,16],
                    "texture": "#reed_extra"
                },
                "north": {
                    "uv": [6,0,9,16],
                    "texture": "#reed_extra"
                },
                "south": {
                    "uv": [6,0,9,16],
                    "texture": "#reed_extra"
                }
            }
        },
        {
            "from": [13,-2,12],
            "to": [15,14,14],
			"shade": true,
            "faces": {
                "up": {
                    "uv": [9,4,11,6],
                    "texture": "#reed_extra"
                },
                "west": {
                    "uv": [13,0,15,16],
                    "texture": "#reed_extra"
                },
                "east": {
                    "uv": [13,0,15,16],
                    "texture": "#reed_extra"
                },
                "north": {
                    "uv": [13,0,15,16],
                    "texture": "#reed"
                },
                "south": {
                    "uv": [13,0,15,16],
                    "texture": "#reed_extra"
                }
            }
        },
        {
            "from": [12,-1,2],
            "to": [14,15,4],
			"shade": true,
            "faces": {
                "up": {
                    "uv": [9,4,11,6],
                    "texture": "#reed_extra"
                },
                "west": {
                    "uv": [1,0,3,16],
                    "texture": "#reed_extra"
                },
                "east": {
                    "uv": [1,0,3,16],
                    "texture": "#reed_extra"
                },
                "north": {
                    "uv": [1,0,3,16],
                    "texture": "#reed_extra"
                },
                "south": {
                    "uv": [1,0,3,16],
                    "texture": "#reed_extra"
                }
            }
        },
        {
            "from": [2,-2,2],
            "to": [4,14,4],
			"shade": true,
            "faces": {
                "up": {
                    "uv": [9,4,11,6],
                    "texture": "#reed_extra"
                },
                "west": {
                    "uv": [13,0,15,16],
                    "texture": "#reed_extra"
                },
                "east": {
                    "uv": [13,0,15,16],
                    "texture": "#reed_extra"
                },
                "north": {
                    "uv": [13,0,15,16],
                    "texture": "#reed_extra"
                },
                "south": {
                    "uv": [13,0,15,16],
                    "texture": "#reed_extra"
                }
            }
        },
        {
            "from": [3,0,12],
            "to": [5,16,14],
			"shade": true,
            "faces": {
                "up": {
                    "uv": [9,4,11,6],
                    "texture": "#reed_extra"
                },
                "west": {
                    "uv": [1,0,3,16],
                    "texture": "#reed_extra"
                },
                "east": {
                    "uv": [1,0,3,16],
                    "texture": "#reed_extra"
                },
                "north": {
                    "uv": [1,0,3,16],
                    "texture": "#reed_extra"
                },
                "south": {
                    "uv": [1,0,3,16],
                    "texture": "#reed_extra"
                }
            }
        },
        {
            "from": [12.5,9,11.5],
            "to": [15.5,11,14.5],
			"shade": true,
            "faces": {
                "up": {
                    "uv": [9,0,12,3],
                    "texture": "#reed_extra"
                },
                "down": {
                    "uv": [9,0,12,3],
                    "texture": "#reed_extra"
                },
                "west": {
                    "uv": [12.5,3,15.5,5],
                    "texture": "#reed"
                },
                "east": {
                    "uv": [12.5,3,15.5,5],
                    "texture": "#reed"
                },
                "north": {
                    "uv": [12.5,3,15.5,5],
                    "texture": "#reed"
                },
                "south": {
                    "uv": [12.5,3,15.5,5],
                    "texture": "#reed"
                }
            }
        },
        {
            "from": [11.5,5,1.5],
            "to": [14.5,7,4.5],
			"shade": true,
            "faces": {
                "up": {
                    "uv": [9,0,12,3],
                    "texture": "#reed_extra"
                },
                "down": {
                    "uv": [9,0,12,3],
                    "texture": "#reed_extra"
                },
                "west": {
                    "uv": [0.5,8,3.5,10],
                    "texture": "#reed"
                },
                "east": {
                    "uv": [0.5,8,3.5,10],
                    "texture": "#reed"
                },
                "north": {
                    "uv": [0.5,8,3.5,10],
                    "texture": "#reed"
                },
                "south": {
                    "uv": [0.5,8,3.5,10],
                    "texture": "#reed"
                }
            }
        },
        {
            "from": [2.5,6,11.5],
            "to": [5.5,8,14.5],
			"shade": true,
            "faces": {
                "up": {
                    "uv": [9,0,12,3],
                    "texture": "#reed_extra"
                },
                "down": {
                    "uv": [9,0,12,3],
                    "texture": "#reed_extra"
                },
                "west": {
                    "uv": [0.5,8,3.5,10],
                    "texture": "#reed"
                },
                "east": {
                    "uv": [0.5,8,3.5,10],
                    "texture": "#reed"
                },
                "north": {
                    "uv": [0.5,8,3.5,10],
                    "texture": "#reed"
                },
                "south": {
                    "uv": [0.5,8,3.5,10],
                    "texture": "#reed"
                }
            }
        },
        {
            "from": [10,8,9],
            "to": [12,10,9],
			"shade": true,
            "faces": {
                "north": {
                    "uv": [11,6,9,8],
                    "texture": "#reed"
                },
                "south": {
                    "uv": [9,6,11,8],
                    "texture": "#reed"
                }
            }
        },
        {
            "from": [4,2,3],
            "to": [6,4,3],
			"shade": true,
            "faces": {
                "north": {
                    "uv": [11,10,13,12],
                    "texture": "#reed"
                },
                "south": {
                    "uv": [13,10,11,12],
                    "texture": "#reed"
                }
            }
        },
        {
            "from": [5,11,8],
            "to": [7,13,8],
			"shade": true,
            "faces": {
                "north": {
                    "uv": [7,3,5,5],
                    "texture": "#reed"
                },
                "south": {
                    "uv": [5,3,7,5],
                    "texture": "#reed"
                }
            }
        },
        {
            "from": [4,8,14],
            "to": [4,10,16],
			"shade": true,
            "faces": {
                "west": {
                    "uv": [13,1,11,3],
                    "texture": "#reed"
                },
                "east": {
                    "uv": [11,1,13,3],
                    "texture": "#reed"
                },
                "north": {
                    "uv": [11,6,9,8],
                    "texture": "#reed"
                },
                "south": {
                    "uv": [9,6,11,8],
                    "texture": "#reed"
                }
            }
        },
        {
            "from": [13,6,1],
            "to": [13,8,3],
			"shade": true,
            "faces": {
                "west": {
                    "uv": [12,1,10,3],
                    "texture": "#reed"
                },
                "east": {
                    "uv": [10,1,12,3],
                    "texture": "#reed"
                },
                "north": {
                    "uv": [11,6,9,8],
                    "texture": "#reed"
                },
                "south": {
                    "uv": [9,6,11,8],
                    "texture": "#reed"
                }
            }
        },
        {
            "from": [3,10,1],
            "to": [3,12,3],
			"shade": true,
            "faces": {
                "west": {
                    "uv": [12,1,10,3],
                    "texture": "#reed"
                },
                "east": {
                    "uv": [10,1,12,3],
                    "texture": "#reed"
                },
                "north": {
                    "uv": [11,6,9,8],
                    "texture": "#reed"
                },
                "south": {
                    "uv": [9,6,11,8],
                    "texture": "#reed"
                }
            }
        }
    ]
}